{"Athens": [23.7283052, 37.9839412], "Paris": [2.3514616, 48.8566969], "St Louis": [-90.1994097, 38.6268039], "London": [-0.1276474, 51.5073219], "Stockholm": [18.0710935, 59.3251172], "Antwerp": [4.3997081, 51.2211097], "Amsterdam": [4.897975505617977, 52.37454030000001], "Los Angeles": [-118.2427666, 34.0536909], "Berlin": [13.3888599, 52.5170365], "Helsinki": [24.9425769, 60.1674098], "Melbourne / Stockholm": [144.9631608, -37.8142176], "Rome": [12.4829321, 41.8933203], "Tokyo": [139.7594549, 35.6828387], "Mexico": [-99.1331785, 19.4326296], "Munich": [11.5753822, 48.1371079], "Montreal": [-73.6103642, 45.4972159], "Moscow": [37.6174943, 55.7504461], "Seoul": [126.9782914, 37.5666791], "Barcelona": [2.1774322, 41.3828939], "Atlanta": [-84.3901849, 33.7490987], "Sydney": [151.2164539, -33.8548157], "Beijing": [116.3912757, 39.906217], "Rio": [-43.2093727, -22.9110137]}